naslov,autor,ilustrator
The Hunger Games,Suzanne Collins,
Harry Potter and the Order of the Phoenix,Mary GrandPré,
To Kill a Mockingbird,حسین نعیمی,
Pride and Prejudice,Anna Quindlen,
Twilight,Stephenie Meyer,
The Book Thief,Markus Zusak,
Animal Farm,C.M. Woodhouse,
The Chronicles of Narnia,Pauline Baynes,
J.R.R. Tolkien 4-Book Boxed Set: The Hobbit and The Lord of the Rings,J.R.R. Tolkien,
The Fault in Our Stars,John Green,
Gone with the Wind,Margaret Mitchell,
The Hitchhiker's Guide to the Galaxy,Douglas Adams,
The Giving Tree,Shel Silverstein,
Wuthering Heights,Robert Heindel,
The Da Vinci Code,Dan Brown,
The Picture of Dorian Gray,Jeffrey Eugenides,
Memoirs of a Geisha,Arthur Golden,
Alice's Adventures in Wonderland / Through the Looking-Glass,Martin Gardner,
Jane Eyre,Barnett Freedman,
Les Misérables,Norman MacAfee,
Fahrenheit 451,Ray Bradbury,
Divergent,Veronica Roth,
Lord of the Flies,William Golding,
Romeo and Juliet,Paavo Emil Cajander,
The Alchemist,James Noel Smith,
The Perks of Being a Wallflower,Stephen Chbosky,
Crime and Punishment,David McDuff,
The Great Gatsby,Francis Scott Fitzgerald,
City of Bones,Cassandra Clare,
Ender's Game,Harlan Ellison,
The Help,Kathryn Stockett,
Anne of Green Gables,L.M. Montgomery,
Harry Potter and the Sorcerer's Stone,Mary GrandPré,
The Little Prince,Nguyễn Thành Vũ,
Charlotte's Web,Rosemary Wells,
Of Mice and Men,John Steinbeck,
The Time Traveler's Wife,Audrey Niffenegger,
Dracula,David J. Skal,
Brave New World,Aldous Huxley,
One Hundred Years of Solitude,Gregory Rabassa,
The Catcher in the Rye,J.D. Salinger,
The Princess Bride,William Goldman,
The Lightning Thief,Rick Riordan,
The Secret Garden,Frances Hodgson Burnett,
A Thousand Splendid Suns,Khaled Hosseini,
A Wrinkle in Time,Madeleine L&#39;Engle,
A Game of Thrones,George R.R. Martin,
The Adventures of Huckleberry Finn,Walter Trier,
The Outsiders,S.E. Hinton,
The Lovely Bones,Alice Sebold,
Where the Wild Things Are,Maurice Sendak,
Green Eggs and Ham,Dr. Seuss,
The Odyssey,Bernard Knox,
Life of Pi,Yann Martel,
A Tale of Two Cities,Richard Maxwell,
Water for Elephants,Sara Gruen,
Lolita,Craig Raine,
Slaughterhouse-Five,Kurt Vonnegut Jr.,
Frankenstein: The 1818 Text,Charlotte Gordon,
The Kite Runner,Berliani M. Nugrahani,
The Handmaid's Tale,Margaret Atwood,
The Giver,Lois Lowry,
Catch-22,Joseph Heller,
Dune,Frank Herbert,
The Pillars of the Earth,Ken Follett,
The Stand,Bernie Wrightson,
The Adventures of Sherlock Holmes,Arthur Conan Doyle,
Watership Down,Richard  Adams,
Great Expectations,Marisa Sestino,
Little Women,Louisa May Alcott,
Harry Potter and the Deathly Hallows,J.K. Rowling,
The Bell Jar,Sylvia Plath,
One Flew Over the Cuckoo's Nest,Ken Kesey,
Anna Karenina,George Gibian,
Outlander,Diana Gabaldon,
Matilda,Quentin Blake,
My Sister's Keeper,Jodi Picoult,
The Fellowship of the Ring,J.R.R. Tolkien,
The Girl with the Dragon Tattoo,Reg Keeland,
Rebecca,Daphne du Maurier,
1984,George Orwell,
The Color Purple,Alice Walker,
A Tree Grows in Brooklyn,Betty  Smith,
A Clockwork Orange,Anthony Burgess,
The Road,Cormac McCarthy,
The Brothers Karamazov,Larissa Volokhonsky,
Angela's Ashes,Frank McCourt,
Vampire Academy,Richelle Mead,
Siddhartha,Hilda Rosner,
The Poisonwood Bible,Barbara Kingsolver,
The Golden Compass,Philip Pullman,
Don Quixote,Roberto González Echevarría,
Harry Potter and the Prisoner of Azkaban,Mary GrandPré,
Atlas Shrugged,Leonard Peikoff,
The Old Man and the Sea,Ernest Hemingway,
The Notebook,Nicholas Sparks,
Winnie-the-Pooh,Ernest H. Shepard,
The Complete Stories and Poems,Edgar Allan Poe,
Interview with the Vampire,Anne Rice,
A Prayer for Owen Meany,John Irving,
"Moby-Dick or, the Whale",Rockwell Kent,
The Red Tent,Anita Diamant,
Harry Potter and the Goblet of Fire,Mary GrandPré,
The Secret Life of Bees,Sue Monk Kidd,
Clockwork Angel,Cassandra Clare,
Harry Potter and the Half-Blood Prince,J.K. Rowling,
And Then There Were None,Agatha Christie,
Middlesex,Jeffrey Eugenides,
The Stranger,Matthew  Ward,
The Master and Margarita,Ellendea Proffer,
The Name of the Wind,Patrick Rothfuss,
The Shining,Stephen King,
The Adventures of Tom Sawyer,John Seelye,
Eragon,Christopher Paolini,
Charlie and the Chocolate Factory,Quentin Blake,
Flowers for Algernon,Daniel Keyes,
On the Road,Jack Kerouac,
The Metamorphosis,Mircea Ivănescu,
Looking for Alaska,John Green,
The Shadow of the Wind,Lucia Graves,
The Curious Incident of the Dog in the Night-Time,Mark Haddon,
The Very Hungry Caterpillar,Eric Carle,
Tuesdays with Morrie,Mitch Albom,
The Unbearable Lightness of Being,Michael Henry Heim,
The Name of the Rose,William Weaver,
Where the Red Fern Grows,Wilson Rawls,
Harry Potter and the Chamber of Secrets,Mary GrandPré,
The Godfather,Peter Bart,
The Scarlet Letter,Nina Baym,
In Cold Blood,Truman Capote,
Fight Club,Chuck Palahniuk,
The Five People You Meet in Heaven,Mitch Albom,
"Hush, Hush",Becca Fitzpatrick,
The Cat in the Hat,Dr. Seuss,
The Count of Monte Cristo,Robin Buss,
American Gods,Neil Gaiman,
Lonesome Dove,Larry McMurtry,
Perfume: The Story of a Murderer,John E. Woods,
Holes,김영선,
"The Lion, the Witch and the Wardrobe",C.S. Lewis,
Watchmen,John    Higgins,
The Last Olympian,Rick Riordan,
It,Stephen King,
The Little House Collection,Garth Williams,
The Divine Comedy,Eugenio Montale,
Peter Pan,Michael Hague,
All Quiet on the Western Front,Arthur Wesley Wheen,
"The Hobbit, or There and Back Again",J.R.R. Tolkien,
The Compleat Works of Wllm Shkspr (abridged),Jess Winfield,
Love in the Time of Cholera,Edith Grossman,
Shadow Kiss,Richelle Mead,
Insurgent,Veronica Roth,
The Thorn Birds,Colleen McCullough,
A Walk to Remember,Nicholas Sparks,
How the Grinch Stole Christmas!,Dr. Seuss,
The Ultimate Hitchhiker's Guide to the Galaxy,Douglas Adams,
"Eat, Pray, Love",Elizabeth Gilbert,
Atonement,Ian McEwan,
The Importance of Being Earnest,Oscar Wilde,
Their Eyes Were Watching God,Zora Neale Hurston,
The Three Musketeers,Alexandre Dumas,
The Wonderful Wizard of Oz,W.W. Denslow,
Frostbite,Richelle Mead,
Goodnight Moon,Clement Hurd,
The Lorax,Dr. Seuss,
"Good Omens: The Nice and Accurate Prophecies of Agnes Nutter, Witch",Neil Gaiman,
Blood Promise,Richelle Mead,
Tess of the D'Urbervilles,Tim Dolin,
Heart of Darkness,Aníbal Fernandes,
The Good Earth,Pearl S. Buck,
The Battle of the Labyrinth,Rick Riordan,
Clockwork Princess,Cassandra Clare,
A Midsummer Night's Dream,Catherine Belsey,
The Prophet,Kahlil Gibran,
The Mists of Avalon,Marion Zimmer Bradley,
The Titan's Curse,Rick Riordan,
The Sea of Monsters,Rick Riordan,
The Joy Luck Club,Amy Tan,
Alice in Wonderland,Rene Cloke,
The Call of the Wild,Avi,
Jonathan Livingston Seagull,Russell Munson,
Madame Bovary,Margaret Mauldon,
The Phantom Tollbooth,Jules Feiffer,
Bridge to Terabithia,Katherine Paterson,
The Hunger Games Trilogy Boxset,Peter Klöss,
"Oh, the Places You'll Go!",Dr. Seuss,
The Maze Runner,James Dashner,
The Girl Who Played with Fire,Reg Keeland,
Oliver Twist,吴倩卓,
The Neverending Story,Roswitha Quadflieg,
Ulysses,John M. Woolsey,
Treasure Island,Richard S. Hartmetz,
Fifty Shades of Grey,E.L. James,
The Clan of the Cave Bear,Jean M. Auel,
A Storm of Swords,George R.R. Martin,
The Canterbury Tales,Nevill Coghill,
The World According to Garp,John Irving,
A Farewell to Arms,نجف دریابندری,
David Copperfield,Jeremy Tambling,
Tote Mädchen lügen nicht,Knut Krüger,
Wicked: The Life and Times of the Wicked Witch of the West,Douglas Smith,
Shōgun,James Clavell,
Extremely Loud &amp; Incredibly Close,Jonathan Safran Foer,
Murder on the Orient Express,Agatha Christie,
His Dark Materials,Philip Pullman,
A Little Princess,Nancy Bond,
The Other Boleyn Girl,Philippa Gregory,
Schindler's List,Thomas Keneally,
The Boy in the Striped Pajamas,John Boyne,
The Night Circus,Matthias Brandt,
Jurassic Park,Michael Crichton,
Fallen,Lauren Kate,
Last Sacrifice,Richelle Mead,
The Silmarillion,Ted Nasmith,
The Secret Magdalene,Ki Longfellow,
Beloved,Toni Morrison,
The Selection,Kiera Cass,
The Trial,Edwin Muir,
A Confederacy of Dunces,Walker Percy,
The Sun Also Rises,Ernest Hemingway,
The Velveteen Rabbit,William   Nicholson,
Catching Fire,Suzanne Collins,
The Lost Hero,Rick Riordan,
Throne of Glass,Sarah J. Maas,
Spirit Bound,Richelle Mead,
Clockwork Prince,Cassandra Clare,
The Iliad/The Odyssey,Bernard Knox,
The Crucible,Christopher Bigsby,
Cat's Cradle,Kurt Vonnegut Jr.,
The God of Small Things,Josep Julià Ballbé,
The Wind in the Willows,Gillian Avery,
The Screwtape Letters,C.S. Lewis,
Girl with a Pearl Earring,Tracy Chevalier,
The Hiding Place: The Triumphant True Story of Corrie Ten Boom,Elizabeth Sherrill,
A Light in the Attic,Shel Silverstein,
Shiver,Maggie Stiefvater,
The Silence of the Lambs,Thomas  Harris,
City of Fallen Angels,Cassandra Clare,
Uglies,Scott Westerfeld,
Man's Search for Meaning,Isle Lasch,
She's Come Undone,Wally Lamb,
Ella Enchanted,Gail Carson Levine,
Marley and Me: Life and Love With the World's Worst Dog,John Grogan,
The Phantom of the Opera,Alexander Teixeira de Mattos,
The Wind-Up Bird Chronicle,Jay Rubin,
Cinder,Marissa Meyer,
The Green Mile,Stephen King,
A Clash of Kings,George R.R. Martin,
Blindness,Giovanni Pontiero,
The Sound and the Fury,William Faulkner,
The Shack,William Paul Young,
Marked,Kristin Cast,
Fear and Loathing in Las Vegas,Ralph Steadman,
The Guernsey Literary and Potato Peel Pie Society,Annie Barrows,
For Whom the Bell Tolls,Ernest Hemingway,
The House of the Spirits,Magda Bogin,
The Complete Calvin and Hobbes,Bill Watterson,
Roots: The Saga of an American Family,Alex Haley,
Howl's Moving Castle,Diana Wynne Jones,
Misery,Stephen King,
Stranger in a Strange Land,James Warhola,
Island of the Blue Dolphins,Scott O&#39;Dell,
Midnight Sun [2008 Draft],Stephenie Meyer,
The Girl Who Kicked the Hornet's Nest,Reg Keeland,
The Secret History,Donna Tartt,
The Diary of a Young Girl,Barbara Mooyaart-Doubleday,
White Oleander,Janet Fitch,
Delirium,Lauren Oliver,
Beautiful Disaster,Jamie McGuire,
Othello,William Shakespeare,
Paper Towns,John Green,
Flow Down Like Silver: Hypatia of Alexandria,Ki Longfellow,
Speak,Laurie Halse Anderson,
The Vampire Lestat,Anne Rice,
The Idiot,Joseph Frank,
King Lear,William Shakespeare,
The Once and Future King,T.H. White,
I Know This Much Is True,Wally Lamb,
Neverwhere,Neil Gaiman,
Into the Wild,Jon Krakauer,
Inkheart,Anthea Bell,
Uncle Tom's Cabin,Harriet Beecher Stowe,
"Lamb: The Gospel According to Biff, Christ's Childhood Pal",Christopher Moore,
The Historian,Elizabeth Kostova,
The Complete Sherlock Holmes,Arthur Conan Doyle,
Candide,Sara Gioacchino Corcos,
Gone Girl,Gillian Flynn,
Invisible Man,Ralph Ellison,
James and the Giant Peach,Quentin Blake,
Blood River: A Journey to Africa's Broken Heart,Tim Butcher,
Paradise Lost,John      Leonard,
All Creatures Great and Small,James Herriot,
Leaves of Grass,Walt Whitman,
Graceling,Kristin Cashore,
Foundation,Isaac Asimov,
The Complete Works,William Shakespeare,
The Thirteenth Tale,Diane Setterfield,
Norwegian Wood,Jay Rubin,
The Things They Carried,Tim O&#39;Brien,
The Cider House Rules,John Irving,
The Time Machine,Carlo Pagetti,
Different Seasons,Stephen King,
Kafka on the Shore,Philip Gabriel,
Heidi,Angelo  Rinaldi,
"Are You There God? It's Me, Margaret",Judy Blume,
City of Lost Souls,Cassandra Clare,
Sophie's World,Paulette Møller,
Walden,Henry David Thoreau,
The Wise Man's Fear,Patrick Rothfuss,
زندگی مه آلود پریا,سید مرتضی مصطفوی,
Fangirl,Rainbow Rowell,
The Awakening,Kate Chopin,
Sophie's Choice,William Styron,
The Prince of Tides,Pat Conroy,
Never Let Me Go,Kazuo Ishiguro,
The Son of Neptune,Rick Riordan,
Dead Until Dark,Charlaine Harris,
Fried Green Tomatoes at the Whistle Stop Cafe,Fannie Flagg,
Fifty Shades Darker,E.L. James,
Ready Player One,Ernest Cline,
A Court of Mist and Fury,Sarah J. Maas,
The Monster at the End of this Book,Michael J. Smollin,
Middlemarch,Doreen Roberts,
Things Fall Apart,Chinua Achebe,
Mrs. Dalloway,Maureen Howard,
Bridget Jones's Diary,Хелен Филдинг,
Mockingjay,Suzanne Collins,
Franny and Zooey,J.D. Salinger,
The Power of One,Bryce Courtenay,
The Magician's Nephew,C.S. Lewis,
Stardust,Neil Gaiman,
A Time to Kill,John Grisham,
The Gunslinger,Stephen King,
Number the Stars,Lois Lowry,
Do Androids Dream of Electric Sheep?,Philip K. Dick,
Allegiant,Veronica Roth,
The Lord of the Rings,J.R.R. Tolkien,
The Mark of Athena,Rick Riordan,
A Short History of Nearly Everything,Bill Bryson,
Eleanor &amp; Park,Rainbow Rowell,
Me Before You,Jojo Moyes,
The Way of Kings,Brandon Sanderson,
The Art of Racing in the Rain,Garth Stein,
Legend,Marie Lu,
If I Stay,Gayle Forman,
Black Beauty,Anna Sewell,
A Portrait of the Artist as a Young Man,Ludmila Savitzky,
The Hound of the Baskervilles,Anne Perry,
Gulliver's Travels,Robert DeMaria Jr.,
Bel Canto,Ann Patchett,
American Psycho,Bret Easton Ellis,
Love You Forever,Sheila McGraw,
The Graveyard Book,Dave McKean,
V for Vendetta,David   Lloyd,
The Witches,Quentin Blake,
القرآن الكريم,Anonymous,
The Complete Novels,Jane Austen,
Fifty Shades Freed,E.L. James,
Cold Mountain,Charles Frazier,
White Fang,Jack London,
Wonder,R.J. Palacio,
Beowulf,Seamus Heaney,
The Final Empire,Brandon Sanderson,
Beautiful Creatures,Margaret Stohl,
Tuck Everlasting,Natalie Babbitt,
Steppenwolf,Basil Creighton,
Dark Lover,J.R. Ward,
Go Ask Alice,Anonymous,
Eldest,Christopher Paolini,
انتحار فاشل,أحمد جمال الدين رمضان,
The Tell-Tale Heart and Other Writings,Edgar Allan Poe,
The Eye of the World,Robert Jordan,
As I Lay Dying,William Faulkner,
A Separate Peace,David Levithan,
The Complete Maus,Art Spiegelman,
Mansfield Park,Kathryn Sutherland,
The Amazing Adventures of Kavalier &amp; Clay,Michael Chabon,
Brisingr,Christopher Paolini,
العصبي,أحمد جمال الدين رمضان,
A Child Called &quot;It&quot;,Dave Pelzer,
Stargirl,Jerry Spinelli,
Tao Te Ching,Jacob Needleman,
East of Eden,John Steinbeck,
Obsidian,Jennifer L. Armentrout,
Midnight's Children,Salman Rushdie,
The Martian Chronicles,Ray Bradbury,
Dear John,Nicholas Sparks,
'Salem's Lot,Stephen King,
Crescendo,Becca Fitzpatrick,
Cloud Atlas,David Mitchell,
The English Patient,Michael Ondaatje,
The Martian,Andy Weir,
Zen and the Art of Motorcycle Maintenance: An Inquiry Into Values,Robert M. Pirsig,
The Firm,Robin Waterfield,
The Last Song,Nicholas Sparks,
My Ántonia,Willa Cather,
Shatter Me,Tahereh Mafi,
The Amber Spyglass,Philip Pullman,
The Hunchback of Notre-Dame,Walter J. Cobb,
Doctor Zhivago,Manya Harari,
Robinson Crusoe,Virginia Woolf,
Inferno,Anthony M. Esolen,
Like Water for Chocolate,Carol Christensen,
Six of Crows,Leigh Bardugo,
Breakfast at Tiffany's and Three Stories,Truman Capote,
Room,Emma Donoghue,
Dragonfly in Amber,Diana Gabaldon,
Breakfast of Champions,Kurt Vonnegut Jr.,
The BFG,Quentin Blake,
The Origin of Species,Charles Darwin,
Harry Potter Series Box Set,J.K. Rowling,
Daughter of Smoke &amp; Bone,Laini Taylor,
A Fine Balance,Rohinton Mistry,
The Strange Case of Dr. Jekyll and Mr. Hyde,Dan Chaon,
City of Heavenly Fire,Cassandra Clare,
Evermore,Alyson Noel,
The Subtle Knife,Philip Pullman,
Death of a Salesman,Arthur  Miller,
11/22/63,Stephen King,
The Plague,Stuart Gilbert,
Midnight in the Garden of Good and Evil,John Berendt,
Hamlet,Rex Gibson,
A Streetcar Named Desire,Tennessee Williams,
The Prince,Benjamin Martinez,
Infinite Jest,David Foster Wallace,
Snow Flower and the Secret Fan,Lisa See,
"Faust, First Part",Peter Salm,
Anna and the French Kiss,Stephanie Perkins,
The Remains of the Day,Kazuo Ishiguro,
A Feast for Crows,George R.R. Martin,
The Angel Experiment,James Patterson,
Miss Peregrine's Home for Peculiar Children,Ransom Riggs,
Matched,Ally Condie,
Flowers in the Attic,V.C. Andrews,
The Shipping News,Annie Proulx,
"Unbroken: A World War II Story of Survival, Resilience and Redemption",Laura Hillenbrand,
The Scarlet Pimpernel,Emmuska Orczy,
Hopeless,Colleen Hoover,
Jonathan Strange &amp; Mr Norrell,Susanna Clarke,
The Chosen,Chaim Potok,
All the Light We Cannot See,Anthony Doerr,
High Fidelity,Nick Hornby,
"Blood Meridian, or the Evening Redness in the West",Cormac McCarthy,
Houdini Heart,Ki Longfellow,
Artemis Fowl,Eoin Colfer,
Pippi Longstocking,Louis S. Glanzman,
The Tales of Beedle the Bard,J.K. Rowling,
The Virgin Suicides,Jeffrey Eugenides,
The Reader,Carol Brown Janeway,
Nineteen Minutes,Jodi Picoult,
The House of Hades,Rick Riordan,
Shantaram,Gregory David Roberts,
"The Devil in the White City: Murder, Magic, and Madness at the Fair That Changed America",Erik Larson,
Redeeming Love,Francine Rivers,
The Age of Innocence,Maureen Howard,
The Lost Symbol,Dan Brown,
The Host,Stephenie Meyer,
The Grapes of Wrath,John Steinbeck,
Betrayed,Kristin Cast,
Waiting for Godot,Samuel Beckett,
Northanger Abbey,Alfred J. Mac Adam,
Neuromancer,William Gibson,
A Court of Thorns and Roses,Sarah J. Maas,
The Voyage of the Dawn Treader,Pauline Baynes,
Dubliners,Jeri Johnson,
Lover Awakened,J.R. Ward,
War and Peace,Vladimir Levstik,
Divine Secrets of the Ya-Ya Sisterhood,Rebecca Wells,
The Waste Land,Michael North,
Everything Is Illuminated,Jonathan Safran Foer,
Untamed,Kristin Cast,
A Dance with Dragons,George R.R. Martin,
Crown of Midnight,Sarah J. Maas,
I Know Why the Caged Bird Sings,Maya Angelou,
To the Lighthouse,Virginia Woolf,
"I, Robot",Isaac Asimov,
The Pearl,John Steinbeck,
The Twilight Collection,Stephenie Meyer,
The One,Kiera Cass,
The Jungle,Kathleen DeGrave,
Carrie,Stephen King,
"I, Claudius",Robert Graves,
Snow Falling on Cedars,David Guterson,
Heir of Fire,Sarah J. Maas,
Voyager,Diana Gabaldon,
Me Talk Pretty One Day,David Sedaris,
Chosen,Kristin Cast,
A Room with a View,E.M. Forster,
Bleak House,Hablot Knight Browne,
The Republic,Benjamin Jowett,
The Last Battle,C.S. Lewis,
The Exorcist,William Peter Blatty,
Coraline,Dave McKean,
The Elephant Tree,R.D. Ronald,
Worm Holes,Kyle Keyes,
Demian: Die Geschichte von Emil Sinclairs Jugend,Thomas Mann,
Aristotle and Dante Discover the Secrets of the Universe,Benjamin Alire Sáenz,
The 5th Wave,Rick Yancey,
The Iron King,Julie Kagawa,
Bloodlines,Richelle Mead,
